<?xml version='1.0' encoding='utf-8'?>
<jdbcDataSource exportedWithPermissions="false">
  <folder>/organizations/zenoss/Data_Sources</folder>
  <name>zenoss_reporting</name>
  <version>0</version>
  <label>Zenoss Reporting</label>
  <description>The Zenoss Datawarehouse. Choose this as the datasource for all domains, ad-hoc views and reports.</description>
  <driver>com.mariadb.jdbc.Driver</driver>
  <connectionUrl>jdbc:mysql://localhost:13306/reporting?useUnicode=true&amp;characterEncoding=UTF-8</connectionUrl>
  <connectionUser>reporting_read</connectionUser>
  <connectionPassword/>
  <timezone/>
</jdbcDataSource>
