<?xml version="1.0" encoding="UTF-8"?>
<adhocDataView exportedWithPermissions="true"><folder>/public/Microsoft_Windows_ZenPack</folder><name>Windows_Interfaces_Peak_Usage</name><version>0</version><label>Windows Interfaces Peak Usage</label><description></description><creationDate>2014-11-28T12:20:42.000Z</creationDate><updateDate>2014-11-28T12:20:42.000Z</updateDate><dataSource><uri>/public/Microsoft_Windows_ZenPack/Microsoft_Windows_Domain</uri></dataSource><resource><localResource xmlns:xsi="http://www.w3.org/2001/XMLSchema-instance" exportedWithPermissions="false" dataFile="topicJRXML.data" xsi:type="fileResource"><folder>/public/Microsoft_Windows_ZenPack/Windows_Interfaces_Peak_Usage_files</folder><name>topicJRXML</name><version>0</version><label>topicJRXML</label><creationDate>2014-11-28T12:20:42.000Z</creationDate><updateDate>2014-11-28T12:20:42.000Z</updateDate><fileType>jrxml</fileType></localResource></resource><resource><localResource xmlns:xsi="http://www.w3.org/2001/XMLSchema-instance" exportedWithPermissions="false" dataFile="stateXML.data" xsi:type="fileResource"><folder>/public/Microsoft_Windows_ZenPack/Windows_Interfaces_Peak_Usage_files</folder><name>stateXML</name><version>0</version><label>stateXML</label><creationDate>2014-11-28T12:20:42.000Z</creationDate><updateDate>2014-11-28T12:20:42.000Z</updateDate><fileType>xml</fileType></localResource></resource><alwaysPromptControls>false</alwaysPromptControls><controlsLayout>1</controlsLayout></adhocDataView>