<?xml version="1.0" encoding="UTF-8"?>
<adhocDataView exportedWithPermissions="false"><folder>/public/Microsoft_Windows_ZenPack</folder><name>Windows_IIS_Peak_Usage</name><version>0</version><label>Windows IIS Peak Usage</label><description></description><creationDate>2016-07-07T09:49:14.000-05:00</creationDate><updateDate>2016-07-07T09:49:14.000-05:00</updateDate><dataSource><uri>/public/Microsoft_Windows_ZenPack/Microsoft_Windows_Domain</uri></dataSource><resource><localResource xmlns:xsi="http://www.w3.org/2001/XMLSchema-instance" exportedWithPermissions="false" dataFile="topicJRXML.data" xsi:type="fileResource"><folder>/public/Microsoft_Windows_ZenPack/Windows_IIS_Peak_Usage_files</folder><name>topicJRXML</name><version>0</version><label>topicJRXML</label><creationDate>2016-07-07T09:49:14.000-05:00</creationDate><updateDate>2016-07-07T09:49:14.000-05:00</updateDate><fileType>jrxml</fileType></localResource></resource><resource><localResource xmlns:xsi="http://www.w3.org/2001/XMLSchema-instance" exportedWithPermissions="false" dataFile="stateXML.data" xsi:type="fileResource"><folder>/public/Microsoft_Windows_ZenPack/Windows_IIS_Peak_Usage_files</folder><name>stateXML</name><version>0</version><label>stateXML</label><creationDate>2016-07-07T09:49:14.000-05:00</creationDate><updateDate>2016-07-07T09:49:14.000-05:00</updateDate><fileType>xml</fileType></localResource></resource><alwaysPromptControls>false</alwaysPromptControls><controlsLayout>1</controlsLayout></adhocDataView>